Let's try something.	我們試試看！
I have to go to sleep.	我该去睡觉了。
Today is June 18th and it is Muiriel's birthday!	今天是６月１８号，也是Muiriel的生日！
Muiriel is 20 now.	Muiriel现在20岁了。
The password is "Muiriel".	密码是"Muiriel"。	密碼是「Muiriel」。
I will be back soon.	我很快就會回來。
I'm at a loss for words.	我不知道應該說什麼才好。
This is never going to end.	這個永遠完不了了。	这将永远继续下去。	這個永遠結束不了。
I just don't know what to say.	我只是不知道應該說什麼而已……	我就是不知道說些什麼。
That was an evil bunny.	那是一隻有惡意的兔子。
I was in the mountains.	我以前在山里。
Is it a recent picture?	那是一张近照吗？
I don't know if I have the time.	我不知道我有沒有時間。
Education in this world disappoints me.	世界上的教育都讓我失望。
You're in better shape than I am.	你的體型比我的好。
You are in my way.	你擋住了我的路。
This will cost €30.	這個要三十歐元。
I make €100 a day.	我一天賺一百歐元。
I may give up soon and just nap instead.	也许我会马上放弃然后去睡一觉。
That won't happen.	那是不會發生的。
I can only wonder if this is the same for everyone else.	我只能问自己这对其他所有人是不是一回事呢。
I suppose it's different when you think about it over the long term.	我认为你考虑久了就会不一样了。
I miss you.	我很想你。	我好想念你。	我想念你。
I'll call them tomorrow when I come back.	我明天回來的時候會跟他們聯絡。
I always liked mysterious characters more.	我一直都比較喜歡神秘一點的人物。
You should sleep.	你應該去睡覺了吧。
I'm going to go.	我要走了。
I told them to send me another ticket.	我請他們再寄給我一張票。
I can't live that kind of life.	我不能活那種命。	那种生活方式不适合我。
I once wanted to be an astrophysicist.	我曾經想過當個太空物理學家。
I never liked biology.	我從來沒喜歡過生物學。
The last person I told my idea to thought I was nuts.	最后一个听我说我的主意的人认为我疯了。
It is unfortunately true.	可惜这是真的。
Most people think I'm crazy.	大部份的人覺得我瘋了。
No I'm not; you are!	不，我不是！你才是！
That's MY line!	那是我該說的話!	那是我的台词！
He's kicking me!	他在踢我！
Are you sure?	你肯定吗？	你确定吗？	你确定？
Then there is a problem...	那就表示有問題...	那么就有一个问题...
Oh, there's a butterfly!	哦！有一隻蝴蝶！
Hurry up.	趕快!	快點!	快点！	快点。
It doesn't surprise me.	这并不让我惊讶。
For some reason I feel more alive at night.	不知道為什麼我夜裡覺得比較有活力。
It depends on the context.	这要看情况。	这得看情况。
Are you freaking kidding me?!	你是在跟我開玩笑吧？！
That's the stupidest thing I've ever said.	那是我说过的最愚蠢的话了。	我曾说过的废话当中那是最愚蠢的一句。
When I grow up, I want to be a king.	我長大後想當國王。
I'm so fat.	我好胖哦。
So what?	那又怎樣?
I'm not a real fish, I'm just a mere plushy.	我不是一条真的鱼，我只是一个长毛绒玩具。
I'm just saying!	我只是说说而已！
I've always wondered what it'd be like to have siblings.	我总是想有兄弟姐妹会怎么样。
It would take forever for me to explain everything.	我就算說上三天三夜，恐怕也不能把一切解釋清楚。	要都解释的话，需要一辈子的时间。
That's because you're a girl.	那是因為妳是女生。
I may be antisocial, but it doesn't mean I don't talk to people.	可能我是反社会的，但这并不表示我不跟人说话。	我或许不善于社交,但这并不意味我不和别人交谈。
I'd be unhappy, but I wouldn't kill myself.	我会不高兴，但我不会自杀。
Back in high school, I got up at 6 a.m. every morning.	以前讀高中的時候﹐我每天早上六點起床。
I thought you liked to learn new things.	我以為你喜歡學習新事物。
In order to do that, you have to take risks.	要这么做，你需要冒险。
Why do you ask?	你問這個幹什麼?
How long did you stay?	你待了多久?
Innocence is a beautiful thing.	纯真是一件美好的事。
I don't want to lose my ideas, even though some of them are a bit extreme.	我不想放弃我的想法，虽然一些想法有点极端。
That is intriguing.	那真有趣。
If anyone was to ask what the point of the story is, I really don't know.	如果有人问起这个故事的用意是什么，我还真不知道。
I didn't know where it came from.	我不知道它是从哪里来的。
This is not important.	這個不重要。	这不重要。
I didn't like it.	我没有喜欢过。
She's asking how that's possible.	她问这怎么可能。
I wish I could go to Japan.	我非常希望能够去日本。	要是能去日本就好了。
I have to go to bed.	我该去睡觉了。	我该上床了。
It may freeze next week.	下周可能会结冰。
Even though he apologized, I'm still furious.	即使他道歉了，我还是很愤怒。	雖然他道歉了，但我還是很生氣。
Thanks for having explained to me at last why people take me for an idiot.	感谢最后为我说明了为什么人们把我当作傻瓜了。
That wasn't my intention.	那不是我的本意。	这不是我的初衷。	那不是我故意的。
Thanks for your explanation.	谢谢你的解释。
I don't know what you mean.	我不懂你什么意思。	我不知道你什麼意思。
If I wanted to scare you, I would tell you what I dreamt about a few weeks ago.	如果我是想吓你，我就会告诉你我几周前梦到的事。
I don't like it when mathematicians who know much more than I do can't express themselves explicitly.	我不喜欢那些数学家知道的比我多得多，却不知道清楚地表达自己。
You're really not stupid.	你真的不笨。
I need to ask you a silly question.	我必须问你一个蠢问题。
I wouldn't have thought I would someday look up "Viagra" in Wikipedia.	我不会想到有一天我会在维基百科查找“伟哥”。
No one will know.	沒有人會知道。	没有人能知道。
I like candlelight.	我很喜欢烛光。
What did you answer?	你回答了什么？
You never have class or what?!	你从来没课还是怎样？
I will play Sudoku then instead of continuing to bother you.	那我就不继续打扰你，玩数独游戏去了。
Where is the problem?	哪裡有問題?
I love you.	我爱你。	我爱您。
I don't like you anymore.	我再也不喜欢你了。
I am curious.	我很好奇。
Congratulations!	祝贺你。	祝贺你	恭喜！
I don't want to wait that long.	我不想等那么久。
Why don't you come visit us?	为什么你不来看我们？
I shouldn't have logged off.	我不應該登出。
It is inevitable that I go to France someday, I just don't know when.	有一天我去法国是无可避免的，我只是不知道何时。	我總有一天是必須去法國的，但不知道是何時。
I hate chemistry.	我讨厌化学。
I didn't want this to happen.	我不想这种事发生。
You can probably guess what happens though.	但你很可能猜得到会发生什么。
I have nothing better to do.	我没有其他更好的事情去做。
I can't explain it either.	我也无法解释。	我也無法解釋。
Everyone has strengths and weaknesses.	每个人都有他的长处和短处。
How could I be a robot? Robots don't dream.	我怎么可能是机器人呢？机器人不会做梦。
It's not something anyone can do.	这不是任何人都能做的事。
I don't know if I still have it.	我不知道我还有没有。
What do you think I've been doing?	你觉得我之前在做什么？
Don't underestimate my power.	不要小看我的力量。	不要低估我的力量。
My mom doesn't speak English very well.	我妈妈英语说得不太好。
I was wondering if you were going to show up today.	我在想你今天会不会来。
How do you find food in outer space?	你怎么在太空里找到食物？
All you can do is trust one another.	你们除了信任对方，没什么要做的了。
Everyone wants to meet you. You're famous!	大家都想见到你，你太有名了！
Foreign people intrigue me.	外国人很有意思。
I don't have anyone who'd travel with me.	我没有一个愿意跟我一起旅行的人。
You're not fast enough.	你不够快。
Life is hard, but I am harder.	生活很困难，但我更坚强。
Tomorrow, he will land on the moon.	明天，他将登上月球。	明天他会在月球降落。
I don't speak Japanese.	我不说日语。	我不会讲日本话。	我不說日語。
Nobody understands me.	没有人理解我。	無人懂我。
I learned to live without her.	我学会了不靠她生活。
I have too many things on my mind these days.	这几天我脑袋里的事情太多了。
I just wanted to check my email.	我只想查一下我的电子邮件。
You can't expect me to always think of everything!	你不能指望我一直考虑周到！
You really don't have the right priorities!	你真的没有优先权！
Don't expect others to think for you!	别指望别人来为你考虑！	別指望別人替你思考。
It's no use pretending to make me believe that I believe things you don't believe!	要我相信我会相信你不相信的东西是没用的！
It would take me too much time to explain to you why it's not going to work.	给你解释这为什么行不通要花很多时间。
Stop seeing me as a "normal" person!	不要再把我当成“正常” 人!
Are you referring to me?	你在说我吗？
There will always be things I will never learn, I don't have eternity before me!	总有一些东西我永远不能学会，我的生命不是永恒的！
It can't be!	这不可能！	不可能！
I wish I could care more about my grades but it seems that, at a certain point of my life, I decided they wouldn't be so important anymore.	我希望可以更紧张我的成绩，但是似乎在我生命的某一刻，我决定它将不再那么重要了。
Would you like something to drink?	你想要什么喝的吗？
"Who is it?" "It's your mother."	“是谁？”“是你妈妈。”
"When will you be back?" "It all depends on the weather."	“你什么时候回来？”“这都要看天气。”	“你什么时候回来？”“这取决于天气如何。”	“你什么时候回来呀？”“看一下天气怎么样再说啦。”
"What's going on in the cave? I'm curious." "I have no idea."	“洞里发生了什么？我很好奇。”“我一点也不知道。”	"山洞裡發生了什麼事?" 我很好奇。"我不知道。"
"To tell you the truth, I am scared of heights." "You are a coward!"	“坦白说，我有恐高症。”“你是个胆小鬼！”
"Trust me," he said.	“相信我。”他说。
"This is what I was looking for!" he exclaimed.	“这正是我在找的。”他喊道。	「這就是我要找的東西！」他大叫。
"The phone is ringing." "I'll get it."	“电话响了。”“我去接。”	“电话响了。”“我来接。”
"She likes music." "So do I."	“她喜欢音乐。”“我也是。”
It may be that the happiness awaiting us is not at all the sort of happiness we would want.	很可能等待着我们的幸福根本不是我们要的那种幸福。
It is up to you to decide whether we will go there or not.	该由你来决定我们去不去那儿。	我们去不去那儿由你来决定。
Class doesn't begin until eight-thirty.	八點半開始上課。
I want a boat that will take me far away from here.	我想要一艘船带我远离这里。
"I feel like playing cards." "So do I."	“我想打牌。”“我也是。”
Allen is a poet.	Allen是个诗人。
Communism will never be reached in my lifetime.	在我有生之年，共產主義不可能達到。
In the 1950's, the Finns were cited as having one of the least healthy diets in the world.	50年代，芬兰人被认为是世界上饮食最不健康的例子。
If you see a mistake, then please correct it.	如果你发现错误，那就请你纠正它。	如果你發現有錯的話請幫忙改正。
The Germans are very crafty.	德国人很狡猾。	德国人诡计多端。
If you don't eat, you die.	人不吃東西就會死。
How do you spell "pretty"?	你怎么拼“pretty”？	“pretty”怎么拼写？
Why don't we go home?	我们何不回家呢？
I'm sorry, I can't stay long.	对不起，我不能待很久。
"Why aren't you going?" "Because I don't want to."	"你为什么不去？""因为我不想去。"	“为什么你不来？”“因为我不想。”
One million people lost their lives in the war.	100万人在战争中失去了生命。
Democracy is the worst form of government, except all the others that have been tried.	除了那些我们尝试过的政府形态，民主是最差的那种了。
When you're beginning to look like the photo in your passport, you should go on a holiday.	当我们开始像自己护照上的照片时，我们该去度假了。
With so many people around he naturally became a bit nervous.	他被很多人围着，自然变得有点紧张。
You're an angel!	你真是个天使！
People from Madrid are weird.	从马德里来的人都很怪。
Well, the night is quite long, isn't it?	夜晚很长，不是吗？
You're lucky because he didn't bite you.	你真走运，因为他没咬你。
Did you miss me?	你想我了？
Are they all the same?	他们都是一样的吗？
Thank you very much!	非常感谢！	多谢！
Where are the eggs, please?	请问鸡蛋在哪里？
I'll take him.	我会去接他的。
It's a surprise.	这是一个惊喜。
That's a good idea!	真是个好主意！
Round trip? Only one-way.	往返吗？是单程。
It's a pity when somebody dies.	有人死了的时候真是遗憾。
They say love is blind.	人们说爱情是盲目的。
Math is like love: a simple idea, but it can get complicated.	数学就像爱情，一个简单的意思，但可以变得很复杂。
How long does it take to get to the station?	去火车站要多久？
This will be a good souvenir of my trip around the United States.	这将是我环绕美国旅行中一个很好的纪念品。
Excuse me; allow me to point out three errors in the above article.	抱歉，请允许我指出上文中的三个错误。
It is difficult to keep up a conversation with someone who only says "yes" and "no".	和一个只说"是"与"否"的人维持一段对话是很难的。	跟一个只说“是”和“不是”的人很难继续谈话。
Do you speak Italian?	你说意大利语吗？	你會說義大利語嗎？
It is said that "Hamlet" is the most interesting play ever written.	据说《哈姆雷特》是写出来的最有意思的剧本。
May I ask a question?	我能问个问题吗？
It's quite difficult to master French in 2 or 3 years.	很难在2、3年内掌握法语。
You'll forget about me someday.	有一天你会忘了我。	有一天你會忘記我的。
That is rather unexpected.	这真是很意外。
I couldn't have done it without you. Thank you.	没有你我无法做到，谢谢。
Nothing is achieved without effort.	没有什么是不劳而获的。
Many people drift through life without a purpose.	许多人毫无目的地随波逐流。
Life without love is just totally pointless.	没有爱情的生活毫无意义。
Do you have a condom?	你有避孕套吗？
Do whatever he tells you.	他跟你说什么，你就做什么。
I can walk to school in 10 minutes.	我走路10分钟能到学校 。
It took me more than two hours to translate a few pages of English.	翻译几页英文花了我2个多小时。
May I talk to Ms. Brown?	我能和布朗小姐说话吗？
What do you want?	你想要什么？	你想要什麼?
Paris is the most beautiful city in the world.	巴黎是世界上最美丽的城市。
Hey, I may have no money, but I still have my pride.	嗨，我可能没钱，但我一直有我的骄傲。
I have a dream.	我有一个梦想。
This is my friend Rachel. We went to high school together.	这是我朋友Rachel，我们当时在同一所高中。
All that which is invented, is true.	所有被发明的都是真的。
To be surprised, to wonder, is to begin to understand.	感到惊讶、感到惊奇就是明白的开始。
To be perfect she lacked just one defect.	要变得完美，她就是少了一个缺点。
And yet, the contrary is always true as well.	然而，相反的理论往往也是真的。
We don't see things as they are, but as we are.	我们看东西不是看其实质，而是以我们的主观意识看它们的。
The world is a den of crazies.	世界就是一个疯子的囚笼。
You look stupid.	你看上去很傻。
My name is Jack.	我叫Jack。	我叫傑克。
I like it very much.	我非常喜歡它.
How do you say that in Italian?	那个用意大利语怎么说？
I have to go shopping. I'll be back in an hour.	我该去买东西了，我一小时后回来。
Is it far from here?	离这儿远吗？	离这里远不远？
These things aren't mine!	这些东西不是我的！
Would you like to dance with me?	你愿意和我跳舞吗？
It's not my fault!	这不是我的错！
I'd like to stay for one night.	我想待一夜。
Where are the showers?	浴室在哪里？
Open your mouth!	把嘴张开！
I have lost my wallet.	我掉了我的钱包。
Love is never wasted.	从来就没有徒劳的爱情。
Life is what happens to you while you're busy making other plans.	生活就是當你忙著進行你的計劃時總有其他的事情發生。
Not wanting is the same as having.	没有欲望就等于拥有。
He's very sexy.	他非常性感。	他性感得很。
"Pass me the salt, please." "Here you are."	“请把盐递给我。”“拿着。”
There are too many things to do!	要做的事太多了!
My parents keep arguing about stupid things. It's so annoying!	我父母整天都在為雞毛蒜皮的事情吵架，真是煩死人了！
Better to be hated for who you are than loved for who you're not.	宁愿做自己而被人讨厌，也不要因为虚假而被人喜欢。
Mathematics is the part of science you could continue to do if you woke up tomorrow and discovered the universe was gone.	就算你明天起床，發現整個宇宙消失了，還有一門科學是可以繼續研究的 ﹣ 那就是數學了。
My eyes are an ocean in which my dreams are reflected.	我的眼睛是一片反映我梦想的海洋。
Look at me when I talk to you!	我跟你说话的时候看着我！
I don't know what to say to make you feel better.	我不知道该说什么来安慰你。
This is not my type.	这不是我喜欢的类型。
I was trying to kill time.	我试着消磨时间。
I'm tired.	我很累。	我累了.
Who wants some hot chocolate?	哪位要热巧克力？
When do we arrive?	我们什么时候到达？
The check, please.	买单。
I have a headache.	我头痛。	我头疼。
I must admit that I snore.	我必須承認我打呼。
How are you? Did you have a good trip?	你怎么样？旅游愉快吗？
I don't feel well.	我感觉不舒服。
Call the police!	叫警察！	报警！
It's too expensive!	太贵了吧！
Merry Christmas!	聖誕節快樂！	圣诞节快乐！	聖誕快樂。
"If you're tired, why don't you go to sleep?" "Because if I go to sleep now I will wake up too early."	「你累的話怎麼不去睡覺？」「因為我現在去睡的話，就會太早醒過來了。」
When the body is touched, receptors in the skin send messages to the brain causing the release of chemicals such as endorphins.	當身體受到外界觸碰的時候，皮膚的感受器就會向大腦發出信息，令大腦釋放安多芬等的化學物質。
Half a million children still face malnutrition in Niger.	尼日尔仍然有50万孩子面临着营养不良。
Computers make people stupid.	电脑让人变愚蠢了。
When you're trying to prove something, it helps to know it's true.	當你試圖去證明某件事, 有助於了解它是真的。
If you don't understand something, it's because you aren't aware of its context.	如果你不明白一件事，那是因为你没有意识到它的背景。
The past can only be known, not changed. The future can only be changed, not known.	我們可以回顧過去，但不能改變過去；我們可以改變未來，但不能預知未來。
Anything that can be misunderstood will be.	任何事都可以被誤解。
Any universe simple enough to be understood is too simple to produce a mind able to understand it.	任何簡單到可以被了解的宇宙便太過簡單而無法產生可以了解它的心靈。
The train from Geneva will arrive at the station.	从日内瓦来的火车就要进站了。
I'm starving!	我饿死了！	我餓死了！
I am married and have two children.	我结婚了，而且有两个孩子。	我已婚，有两个孩子。
You don't know who I am.	您不知道我是谁。
Why don't you eat vegetables?	为什么你不吃蔬菜？
I'm undressing.	我脱衣服。
There are no real visions.	没有真实的幻觉。
There's no point saying "Hi, how are you?" to me if you have nothing else to say.	对我说“你好，你怎么样？”什么用都没有，如果你没有其它可说的。
In a dictionary like this one there should be at least two sentences with "fridge".	這樣的字典最少也應該有兩句「冰箱」的例句吧。
Creationism is a pseudo-science.	创造主义是一种伪科学。
The wind calmed down.	风停了。
A democrat is a free citizen who yields to the will of the majority.	民主主义者是屈服于大部分人的自由公民。
Where there's a will, there's a way.	有志者事竟成。
Rome wasn't built in a day.	罗马不是一天建成的。	冰冻三尺，非一日之寒。
Silence gives consent.	沉默就意味着同意。
Wine is poetry filled in bottles.	酒是灌入瓶中的诗。
That was the best day of my life.	那是我生命中最美的一天。
I don't understand German.	我不懂德语。
I made my decision.	我已經決定好了。
I give you my word.	我向你保证。
Mathematicians are poets, except that they have to prove what their fantasy creates.	數學家是詩人，不過他們必須也能證明他們想像力的果實。
There are 10 types of people in the world: those who understand binary, and those who don't.	世界上有10种人：懂二进制和不懂二进制的人。
Don't worry, be happy!	不要担心，开心点！
I don't like learning irregular verbs.	我不喜欢学习不规则动词。
Take a book and read it.	拿本书读！
He's already a man.	他已经是个男人了。
The vacation is over now.	现在假期结束了。
I'm afraid to fall.	我怕摔倒。
It's cold.	天很冷。
I'm thirsty.	我渴了。
Give him an inch and he'll take a yard.	得寸进尺。
You did this intentionally!	你是故意这么做的！	你是故意這樣做的!
You didn't tell him anything?	你什么都没跟他说？
You're irresistible.	你令人难以抗拒。
Could you call again later, please?	你可以晚點再打電話來嗎？
At the age of six he had learned to use the typewriter and told the teacher that he did not need to learn to write by hand.	他六歲的時候學會了用打字機，便和老師說他不用學執筆寫字了。
Life is beautiful.	生命是美麗的。	人生是美好的。	生活是美丽的。
I can't take it anymore! I haven't slept for three days!	我已經三天沒睡覺了，真是睏死了！	我不行了！我已经三天没睡过了！
He doesn't want you to tell him about your sex life.	他不希望你们对他谈论你们的性生活。	他不希望你对他谈论你们的性生活。
Have you ever eaten a banana pie?	你吃过香蕉派吗？
Why would you marry a woman if you like men?	喜欢男人，为什么还要和女人结婚？
If you can't have children, you could always adopt.	如果你不能有孩子，你总能领养。
Hey, look, a three-headed monkey!	嗨看呀，一只三个头的猴子！
It's a pity that you can't buy miracles like you would buy potatoes.	可惜我们不能像买土豆一样买奇迹。
Prime numbers are like life; they are completely logical, but impossible to find the rules for, even if you spend all your time thinking about it.	質數就像人生，它們完全是合邏輯的，但就算你花多少時間來思考，也不能找到它們背後的規律。
The brain is just a complicated machine.	大腦只是個複雜的機器。
This baby penguin is too cute!	这只企鹅宝宝太可爱了！
In theory, there is no difference between theory and practice. But, in practice, there is.	理论上说，理论和实践没有区别。但实践上说，是有的。
It requires wisdom to understand wisdom: the music is nothing if the audience is deaf.	要用智慧来理解智慧：如果听众是聋的话，那音乐什么都不是。
I don't want to go to school.	我不想去学校。
It is raining.	下雨了。	在下雨。
I was planning on going to the beach today, but then it started to rain.	我本来预备今天去海滩的，但接着天就开始下雨了。
She's really smart, isn't she?	她真的很聪明，不是吗？
Liberty consists of being able to make everything as harmless as possible.	自由旨在能够做所有不伤害其他人的事。
Every opinion is a mixture of truth and mistakes.	所有意见是真相和错误的综合。	任何意見都是事實與謬誤的混合體。
If two men always have the same opinion, one of them is unnecessary.	如果两个人总是意见相同，那么他们其中一个就没必要了。
Tomorrow, I'm going to study at the library.	我明天去圖書館溫習。
We won the battle.	我们战争胜利了。
Hello? Are you still here?	喂？你还在吗？
I watched TV this morning.	我今天早上看了电视。
I slept a little during lunch break because I was so tired.	我在午休时间睡了一会儿，因为我太累了。
I started learning Chinese last week.	我上周开始学中文了。
It is easier to hit on people on the Internet than in the street.	在网上勾人比在街上容易。
Someday I will buy a cotton candy machine.	有一天我买了一台棉花糖机。
It's practical to have a laptop.	有一台笔记本电脑很实用。
Your glasses fell on the floor.	你的眼镜掉在地上了。
How many times a day do you look at yourself in the mirror?	你一天照几次镜子？
We went to London last year.	我们去年去了伦敦。
She doesn't want to talk about it.	她不想提了。
It doesn't mean anything!	这什么都说明不了！
Close the door when you leave.	出去的时候把门关上。
If there's no solution, then there's no problem.	如果没有解决方法，那就没有问题。	沒有解決的方法，也就不會有問題。
Despite Trang's constant affirmations of love, Spenser is still afraid someday she will fall out of love with him.	儘管莊不斷發誓她不變的愛情，斯賓塞仍然害怕有一天她會不愛他了。
You met him at the university?	你在大学碰到他了？
Aaah!! My computer is broken!	靠！我电脑坏了！
Yes, it happens from time to time.	是的，这经常发生。
To him, hunger was an abstract concept; he always had enough to eat.	對他來說，「肚子餓」是個抽象的概念，因為他從來就沒有餓過。
Even people who don't believe in the Catholic church venerate the Pope as a symbolic leader.	甚至是不相信天主教的人也把教皇敬为一个象征性的领导者。
There was always too much superfluous writing in his essays.	在他的文章中总是有太多肤浅的桥段。
His essay gave only a superficial analysis of the problem, so it was a real surprise to him when he got the highest grade in the class.	他寫的文章只分析了問題的表面，所以他知道自己拿了全班最高分的時候，不禁感到十分驚訝。
It depends what you mean by "believe" in God.	这取决于你所说的”相信“上帝是什么意思。
If I gave no answer, I would not have spoken.	如果我没有给予任何回答，我不会说话。
Food and drink were served in such profusion at the wedding that the bride and groom began to wonder if they should not have invited more guests.	婚礼上饮料和食物那么丰富以至于那对年轻的新人开始怀疑他们本不该邀请更多的客人。
Blind people sometimes develop a compensatory ability to sense the proximity of objects around them.	某些失明者会产生一个弥补性的能力，这个能力让他们察觉到他们与离他们很近的物体的距离。
Even now, many years after the Cold War, there is still much rancor between the Russians and the Germans, especially in areas once occupied by the Soviet Union.	雖然冷戰已經過了這麼多年，俄羅斯人和德國人之間的仇恨還是沒有消除，在蘇聯曾經侵佔過的地區，這種仇恨就更深了。
Shocked by the events of September 11th, politicians all over the world condemned the terrorists for their reprehensible deed.	911事件让世人震惊，全球所有的政治家都一致谴责恐怖分子的这一应受人斥责的行径。
I would like to retract my previous statement.	我想撤回我之前的陈述。
Peter was an altruistic video game player; he would give items to people who needed them, rather than selling them for personal profit.	彼得是一个利他主义的游戏玩家，他会把东西给需要的人，而不是为一己之私利出售。
Even if your sentences were actually senseless, you at least have the luck to be able to form beautiful sentences.	即使你的句子实际上是毫无意义的，至少你有幸能造出好句子。
I like my job very much.	我非常喜欢我的工作。
Sometimes hockey players get so competitive that fights break out.	有时候冰球运动员相互挑衅得太厉害以至于会引发斗殴。
I find words with concise definitions to be the easiest to remember.	我发现有明确定义的词最容易记住。
The news article painted the defendant as a guilty man, even though he had been proven innocent.	该报文章中将被告人描述成一个罪魁祸首，尽管他已经被证明是无辜的了。
The politician pushed for reform by denouncing the corruption of the government officials.	政治家以揭露政府官员的腐败来推动改革。
I dreamt about you.	我梦到你了。
I won't lose!	我不会输！
I was late to school.	我上学迟到了。
I think I'm gonna sneeze. Give me a tissue.	我想我要打喷嚏了。。。给我张纸巾。
This day was just a waste of time and money.	这一天只是浪费时间，浪费金钱。
I've changed my website's layout.	我改了一下我网站的版面设计。	我改了一下我的网站的布局。
When we are small, everything seems so big.	我们小时候，所有的一切对我们来说都显得那么大。。。
He won't beat me.	他不會打倒我的。
I have to do laundry while it's still sunny.	趁还有太阳的时候，我该洗衣服。
Stop criticizing me!	不要再批评我了！
How many sandwiches are there left?	還剩下多少塊三明治？	还剩下几个三明治?
It's driving me crazy.	快把我逼疯了
It's all dark outside.	外面一片漆黑。
During summer breaks, I ate dinner at midnight.	暑假里，我半夜十二点才吃晚饭。
Never try to die.	千萬不要自殺。
I am too old for this world.	我对这个世界来说太老了。
Life begins when we realize who we really are.	当我们明白真正的自己时，生活开始了。
It is never too late to learn.	活到老，学到老。
It's just five in the morning, but nevertheless it is light out.	只有早上5点，但天已经亮了。	才早晨5点，但天已经亮了。
He told me the story of his life.	他给我讲述了他的一生。
What are you talking about?	你说的是什么？
I want a piece of candy.	我想要一颗糖。
The police are really good at understanding "Someone stole my credit card and ran up a lot of charges." It's a lot harder to get them to buy into "Someone stole my magic sword."	警方很能明白有人偷了我的信用卡，并提了好多钱。让他们相信”有人偷了我的魔剑“要难得多。
When are we eating? I'm hungry!	甚麼時候吃飯啊？我快餓死了啦！
I have class tomorrow.	我明天有课。
I can't believe it!	我没法相信！
"Thank you." "You're welcome."	"谢谢。" "不用谢。"
Winter is my favorite season.	冬天是我最喜欢的季节。
I spent twelve hours on the train.	我在火车上待了12小时。
She got sick this weekend.	她周末病倒了。
Hold on, someone is knocking at my door.	等等，有人在敲我的門。
He's sleeping like a baby.	他正睡着，像个婴儿一样。
I want a massage. I need to relax.	我想要按摩。我需要放松。
You're sick. You have to rest.	你病了，该休息了。
There's a secret path on the left.	在左边有一条秘密通道。
She's asking for the impossible.	她在无理取闹。
He disappeared without a trace.	他没有留下痕迹就消失了。	他消失了，不留一丝踪迹。
I can place the palms of my hands on the floor without bending my knees.	我不彎膝也能把手掌平放在地上。	我不用曲膝就能把我的手掌放到地上。
Everyone would like to believe that dreams can come true.	人人都愿意相信美梦可以成真。
The world doesn't revolve around you.	世界不是围着你转的。
Are you saying my life is in danger?	你在说我有生命危险吗？
This place has a mysterious atmosphere.	这个地方有一种神秘的气氛。
I look forward to hearing your thoughts on this matter.	我期待听到你在这件事上的想法 。
My life is hollow without him.	没有他我的生活是空虚的。
I don't want to fail my exams.	我不想不通过考试。	我不想挂科。	我不想不及格。	我不想落榜。	我不想考试失败。
My mother bought two bottles of orange juice.	我母亲买了两瓶橙汁。
She was wearing a black hat.	她戴着黑帽子。
We made pancakes for breakfast.	我们早餐做了煎饼。
I want to be more independent.	我想更加自立。
A rabbit has long ears and a short tail.	兔子有长耳朵和短尾巴。	兔子长着长长的耳朵和短短的尾巴。
My heart was filled with happiness.	我心里充满着快乐。
He wishes to erase bad memories.	他希望抹去不好的记忆。
I don't want to hear any more of your complaining.	我不想再听你抱怨了。
I don't have the strength to keep trying.	我没力气继续尝试了。
I'm tired of eating fast food.	我厌倦吃快餐了。	我受够吃快餐了。
I'm sick and tired of being sick and tired.	我讨厌厌烦的感觉。
I can't wait to go on a vacation.	我等不及要去度假。
Where is the bathroom?	洗手間在哪裡？
Each person is a world.	每个人都是一个世界。
I'm going to buy myself a new camera, digital this time.	我要给我自己买一个新照相机，这次要数码的。
I'm crazy about you.	我为你着迷。	我為你瘋狂。
I don't know what is worse.	我不知道什么更糟糕。
Life in prison is worse than the life of an animal.	监狱生活比做畜牲还不如。
I am proud to be a part of this project.	我以身為這個計劃的一份子為榮。
Who buys this type of art?	谁买这种艺术品？
What... you still don't know how to drive?	什么。。。？你还是不会开车？
Have you got a beard already?	你已经有胡子啦？
Freedom is not free.	自由是有代价的。
I created a shortcut on the desktop.	我在桌面上建了一个快捷方式。
I want an MP3 player!	我想要一个MP3播放器！
At this rate, we're not likely to be done before the end of the week.	按照这个速度，我们不会在这周结束前完成。
Where are you?	你在哪儿?
He will make you eat dirt.	他会让你吃灰的。
He has just published an interesting series of articles.	他刚发表一系列有趣的文章。
No way!	不可能！	没门！
It's a dead end.	这是个死胡同。
When I was your age, Pluto was a planet.	當我在你這個年紀時，冥王星是行星。
Elephants are the largest land animals alive today.	大象是如今现存的陆生动物里最大的。
The elevators in a skyscraper are vital systems.	摩天大厦里的电梯是至关重要的。
Cheese is a solid food made from the milk of cows, goats, sheep, and other mammals.	奶酪是由母牛、山羊、绵羊或其它哺乳动物的奶被加工制造的坚硬的食物。
I usually take a shower in the evening.	我通常在晚上洗澡。
He spent the evening reading a book.	他在读书中度过夜晚.
If I don't do it now, I never will.	如果我現在不做，就永遠也不會做。
Good night. Sweet dreams.	晚安。祝你做個好夢。
This song is so moving that it brings tears to my eyes.	這首歌太感人了，使我不禁流下了眼淚。
There are a lot of things you don't know about my personality.	你對我的個性還不太清楚。	我的个性还有很多方面是你不了解的。
Perhaps you are right, I have been selfish.	也許你說得對。我一直都很自私。
Everyone deserves a second chance.	每個人都值得被給予第二次機會。
If you do not have this program, you can download it now.	假如你没有这个程序，你现在就可以去下载。
I'm running out of ideas.	我没主意了。
Check that your username and password are written correctly.	檢查一下用戶名和密碼有沒有填錯。
Goodbyes are always sad.	离别总是让人悲伤。
Don't forget about us!	别忘了我们!
Open the cupboard to the left, the bottles are in there.	打开左边的橱，瓶子在那儿。
I suggest that we go out on Friday.	我建议我们星期五出去玩。
That way I kill two birds with one stone.	这样子我一箭双雕。
The tap is running.	水龙头在滴水。
Please tell us where there is a spice shop.	请告诉我们哪儿有食品杂货店。
I am four months pregnant.	我怀孕四个月了。
I've got a pacemaker.	我裝了個心臟起搏器。
Can I pay by credit card?	我可以用信用卡付帳嗎?
I feed my cat every morning and every evening.	每天早晚，我给我的猫喂食。
Could you please repeat that?	你能重复一遍吗？
I need your advice.	我需要你的意见。
Why did you wake me up to tell me something that big? Now, I'll never be able to concentrate on my work!	你为什么要唤我起来，告诉我如此晴天霹雳的消息? 现在你教我如何认真工作?
Where is your twenty? I'll give you five bucks for it.	你的二十塊在哪裡? 我給你五塊錢找到它。
There are things in this world which simply cannot be expressed in the form of words.	這個世界上有些事物根本不能用言語形容。
Take good care of yourself.	照顾好你自己。
The second half of a man's life is made up of nothing but the habits he has acquired during the first half.	人的后半生就是由他前半生养成的习惯所构成的，其他什么都没有。
On May 18, a young Japanese couple was arrested after their one-year-old baby was found wrapped in a plastic bag and dumped in a gutter.	一對年輕日本夫婦，把一歲大的親生嬰兒放進膠袋，棄置於排水溝中，於五月十八日被捕。
The real problem is not whether machines think but whether men do.	真正的問題不是機器有沒有思想，而是人類有沒有思想。
If we knew what we were doing, it wouldn't be called research, would it?	如果我们知道我们在做什么，那么这不能称之为研究，是吗？
To the man who only has a hammer in the toolkit, every problem looks like a nail.	对工具箱里只有一把榔头的人来说，所有的问题都像钉子。
That's the thing about people who think they hate computers. What they really hate is lousy programmers.	那些自认为讨厌电脑的人就是这么回事。他们真正讨厌的是差劲的程序员。
Hope is not a strategy.	希望不是一种策略。
Do you have a pen on you?	你身上有铅笔吗？
Whose is this?	这是谁的？
Since Mario lied to me, I don't speak to him anymore.	自从马里奥对我撒了谎，我就再也不跟他说话了。
It's a good deal.	这是一笔不错的交易。
Pick up your things and go away.	收好你的东西，滚出去。
Put your hands down!	放下你的手！
He laughs best who laughs last.	最後笑的人，才是笑得最得意的人。
The sooner, the better.	越快越好。
He doesn't look his age.	他的长相与年龄不符。
Do you like rap?	你喜欢说唱音乐吗？
I love trips.	我喜欢旅行。
It's not important.	這個不重要。	这不重要。
I don't care.	我无所谓。	不关我的事。
I was about to go out when the phone rang.	我正要出門的時候，電話就響起了。
People should understand that the world is changing.	人应该明白世界在变。
Speech is silver, but silence is golden.	雄辯如銀，沉默如金。
Fifty-two per cent of British women prefer chocolate to sex.	有百分之五十二的英國女性喜歡巧克力勝於性。
I don't like these remarks.	我不喜歡這番話。
Why do you want to leave today?	你们为什么想今天走？
I'm going to take my car.	我将去取我的车。
People will accept your idea much more readily if you tell them Benjamin Franklin said it first.	如果你告訴他們富蘭克林是第一個這麼說的, 人們會更樂意接受你的想法。
Better late than never.	迟做总比不做好。	亡羊补牢。	迟到总比不到好。
Like father, like son.	有其父必有其子。
The early bird catches the worm.	早起的鸟儿有虫吃。
In life there are ups and downs.	生活中有高低起伏。
All cats are grey in the dark.	猫在黑暗中都是灰色的。
No news is good news.	没消息就是好消息。
If you think education is expensive, wait till you see what ignorance costs you.	如果你認為教育是昂貴的, 那麼你等著看無知讓你付出的代價。
I was expecting it!	我一直在期待着！
I don't expect anything from you.	我不指望从你身上得到什么。
People who will lie for you, will lie to you.	会为你说谎的人，就会对你说谎。
There's no doubt.	毫无疑问。
There isn't any solution.	无解。
I didn't know he drank so much.	我不知道他喝那么多酒。
It's well done.	做得很好。
Do you want fruit juice?	您想要果汁嗎？
He's a good person.	他是个好人。	他是個好人。
Do as you want.	你想怎么做就怎么做。
Enjoy your meal!	祝你胃口好！
There's no love without jealousy.	爱都是嫉妒的。	没有妒忌就没有爱情。
No love is foul nor prison fair.	沒有骯髒的愛情, 也沒有美麗的監獄。
We are cut from the same cloth.	我們很相似。
The walls have ears.	牆上有耳。	隔牆有耳。
I've got a frog in my throat.	我緊張得說不出話來了。
Make yourself at home.	就当在家一样。
Why aren't you coming with us?	你为什么不和我们一起来？
Don't listen to him, he's talking nonsense.	別聽他的, 他在說廢話。
We are sorry, the person you are trying to contact is not available.	對不起, 你要聯絡的人沒空。
I don't want it anymore.	我再也不想要了。
He came several times.	他来了很多次了。
I'm going to take a bath.	我打算洗个澡。
It was raining when we left, but by the time we arrived, it was sunny.	我们走的时候下着雨，到的时候有太阳。
I don't know if he would have done it for me.	我不知道他是否已经为我做好了。
Would you like to come?	你愿意来吗？
I knew he would accept.	我知道他会接受的。
She would willingly come but she was on vacation.	她很樂意前來，但是她在休假。
I thought it was true.	我以为这是真的。
This is the town I told you about.	这就是我跟你说的那个镇。
I have to give back the book before Saturday.	我必须在礼拜六之前把书还回去。
They quarreled.	他们吵架了。
I ate caviar.	我吃了魚子醬。
You took the wrong key.	你拿错钥匙了。
How much is it?	这个多少？	它多貴?	多少錢?
Here is your change.	這是你零錢。
Did you leave a tip?	你们给了小费吗？
Don't forget the ticket.	不要忘了票。
I'm sorry, I don't have change.	對不起, 我沒有零錢。	不好意思，我没零钱。
The situation is worse than we believed.	情況比我們想像的要糟。
They don't even know why.	他們甚至不知道為什麼。
I want you to tell me the truth.	我想你把真相告诉我。	我想要你把真相告诉我。
You arrived at the moment I left.	我出门的时候，你来了。
Florence is the most beautiful city in Italy.	佛罗伦萨是意大利最美丽的城市。
I talked to friends.	我和朋友们交谈。
The film lasted 2 hours.	电影持续了2个小时。
I'm glad to see you back.	很高兴再见到您。	很高兴再见到你。
Tell me what happened.	告訴我發生了什麼事。	告诉我，发生什么了？
How beautiful you are!	你真漂亮！
It's more difficult than you think.	它比你想像的要难。
He told me he would go to Venice.	他告诉过我他会去威尼斯。
Who are those guys?	那些家伙是谁？
I don't agree with him.	我不同意他。
The spirit is willing, but the flesh is weak.	心有餘而力不足。
There's quite a lot of things to do; do you want some help?	有很多事情要做。你需要我帮忙吗？
It seems to me that the train is late.	好象火车晚点了。
I don't know if I'll have time to do it.	我不知道我是否有时间做。
Wolves won't usually attack people.	一般來說，狼不會攻擊人。
"Can somebody help me?" "I will."	"誰可以來幫我一下?" "我幫你。"
I hope he'll be able to come! I'd like to see him.	我希望他能來！我想見他。
Her garden is a work of art.	她的花园是一件艺术作品。
I'd rather be a bird than a fish.	我寧願是一隻鳥勝過一條魚。
We're going to eat a lot tonight so I hope you're not on a diet.	我们今晚会吃很多，所以我希望你没有在节食。
For once in my life I'm doing a good deed... And it is useless.	我生平难得做了一件好事...却是没用的。
You ask me to do the impossible.	你让我做不可能做到的事情。
I brought you a little something.	我给你带了点东西。
You are no better at remembering things than I am.	你记事情的能力并不比我好多少。
You are as tall as I am.	你和我一样高。
You have the same racket as I have.	你的球拍跟我的一樣。
Tell me about it!	跟我讲讲那件事。
Maria has long hair.	瑪麗亞有一頭長髮。
I have to take medicine.	我必须吃药。
I work even on Sunday.	我甚至在週日工作。
It happened a long time ago.	这事发生在很多年以前。
Where have you been?	你一直在哪里？
Here comes the bride!	新娘来了！
It's been snowing all night.	雪下了一整夜。
It's been ten years since we last met.	我們離上次見面有十年了。
If you don't want to stay alone, I can keep you company.	如果你不想一个人呆着，我可以陪着你。
How come you know so much about Japanese history?	你為什麼知道這麼多的日本歷史?
She's selling drugs at concerts.	她在演唱会的场地贩卖毒品。
Turn right at the crossroad.	在十字路口右转。
They forgot to lock the door.	他们忘了锁门。
He was born on July 28th, 1888.	他出生於1888年7月28日。
Will you listen to me for a few minutes?	您愿意听我说几分钟话吗？
How did your interview go?	你的面试怎么样？
I'm going to sit on the bench over there next to the street lamp.	我會在那盞街燈旁邊的長凳上坐下來。
I have to write a letter. Do you have some paper?	我需要写一封信。你有纸吗？	我要写一封信。你有纸吗？
Could you do me a favour please?	請你幫我個忙好嗎?
She is mad at me.	她跟我生气了。
I can't believe my eyes.	我无法相信自己的眼睛。
An eye for an eye, a tooth for a tooth.	以眼還眼，以牙還牙。	以眼还眼以牙还牙
You are to come with me.	你将伴我同行。
You have to come with me.	你必須跟我來。
Can you do bookkeeping?	你會記帳嗎?
You have no sense of direction.	你一点方向感都没有。
You had better go to the infirmary.	你最好去一下医务室。
You should know better than to ask a lady her age.	你應該知道不要問小姐的年齡。
You shouldn't do things by halves.	你做事不能半途而废。
You should pay your rent in advance.	你应该提前付租金。
You should take care of your sick mother.	你應該照顧你生病的母親。
You have to learn standard English.	你必须得学标准英语。
You are not at all wrong.	你并不完全错误。
I have a feeling you'll be a very good lawyer.	我感覺你將來會成為一名優秀的律師。
You are tired, aren't you?	你累了，不是吗？
Are you not tired?	你不累嗎？	你们不累吗？
You look tired. You ought to rest for an hour or two.	你看起來很累。你應該休息一兩個小時。
You are too sensitive to criticism.	你對批評太敏感了。
You can rely on him.	你可以依靠他。
I think that you ought to apologize to her.	我認為你應該跟她道歉。
Did you meet her?	你碰见过她了吗？
Did you fall in love with her at first sight?	你对她是不是一见钟情？
You told her that you had finished the work three days before.	你告訴她你已經在三天前完成這個工作了。
Are you aware of how much she loves you?	你知道她有多麼愛你嗎?
I think you had better call on him.	我認為你最好去拜訪他。
You must be careful not to make him angry.	你要小心別惹他生氣。
You are selling him short.	你別小看了他。
Are you younger than him?	你比他年輕嗎？
You must take his age into account.	你该考虑他的年纪。
Are you for or against his idea?	您赞成还是反对他的想法？
You must pay attention to his advice.	你一定要注意他的建议。
You should have accepted his advice.	你本应该接受他的建议。
You may make use of his library.	你可以利用他的图书馆。
All you have to do is follow his advice.	你跟隨他的指示做就行了。
You should have helped him with his work.	你應該幫他工作的。
You should pay more attention to what he says.	你應該多注意他說的話。
You must pay attention to him.	你必须注意他。
You should pay more attention to his warnings.	你應該多注意他的警告。
You should tell him the truth.	您该告诉他真相。	你该告诉他真相。
You ought to ask him for advice.	你应该向他征求意见。
Didn't you write a letter to him?	你沒寫信給他嗎？
You ought to thank him.	你应该感谢他。
You can trust him to keep his word.	你可以相信他会信守诺言。
Do you know who he is?	你知道他是誰嗎？
You work as hard as he did at your age.	你跟他在你這個年紀時一樣努力工作。
Have you ever seen him swimming?	你曾看過他游泳嗎？
What subject do you think he is interested in?	你觉得他会对什么主题感兴趣？
Didn't you know that he passed away two years ago?	你不知道他兩年前死了嗎？
You should get your hair cut.	你该剪头发了。	你该理发了。
Can you ride a horse?	您会骑马吗？	你会骑马吗？
You should work hard.	你应该努力工作。
You must study hard.	你必須認真學習。
You don't have to go to school on Sunday.	你没必要周日去上学。
What do you usually do on Sundays?	你週日通常做什麼?
Are you a Japanese student?	你是日本学生吗？	你是日语学生吗？
Do you keep a diary?	你记日记吗？
Do you know how to cook meat?	你知道怎麼煮肉嗎?
You could count to ten when you were two.	在你兩歲時, 你可以數到十。
You work too hard.	你工作太努力了。
You are working too hard. Take it easy for a while.	你工作得太辛苦了。放輕鬆一下。
You know the answer?	你知道答案嗎?
Do you live here?	你住這裡嗎?
I took it for granted that you were on my side.	我理所當然認為你會站在我這邊。
You don't go to school on Sunday, do you?	你週日不上學, 對嗎?
You may as well withdraw from the club right away.	你還不如立刻退出這個俱樂部。
What do you have for breakfast?	你早餐吃什么？
How do you account for your being late?	你怎么解释你的迟到？
You won't be late, will you?	你不會遲到，是嗎？
You must have stayed up late.	你应该是去睡得很晚。
You'll learn how to do it sooner or later.	你遲早會學會怎麼做。
You should have refused his request flatly.	你应该直接拒绝他的要求。
Who are you waiting for?	你在等誰?
You must build up your courage.	你一定要鼓起勇气。
Are you meeting someone here?	你在这里是要见谁吧？
Can you tell wheat from barley?	你能辨别小麦和大麦吗？
You look very pale.	你看上去很苍白。
I'm proud of you.	我以你為榮。
What do you want to be when you grow up?	你长大后想成为什么？
You may take either the big box or the small one.	你可以拿大的盒子或是小的盒子。
You look bored.	你看起來很無聊。
All you have to do is to take care of yourself.	你要做的只是照顾好你自己。
You may have read this book already.	你可能已經看過這本書。
You depend too much on others.	你太依賴別人了。
You have foul breath.	你有口臭。
You know quite a lot about Sumo.	你對相撲知道得很多。
You look as healthy as ever.	你看起來健康如昔。	你看起来和以前一样健康。
You should distinguish between right and wrong.	你需要区分善与恶。
You will have heard this story before.	您以前应该听过这个故事。	你以前应该听过这个故事。
You made the same mistake as last time.	你犯了跟上次相同的錯誤。
Are you for the war or against it?	你支持还是反对战争?
You should follow your teacher's advice.	您應遵循你老師的建議。
You ought to ask for your teacher's permission.	你應該請求你的老師允許。
Can you eat raw oysters?	你能生吃牡蠣嗎？
You seem to be an honest man.	你看起来像个老实人。	您看起来像个老实人。
You have to get this work finished by noon.	你必須在中午以前完成這個工作。
You may be right, but I am against your opinion.	你可能是对的，但我和你意见相反。
Are you concerned with politics?	你關心政治嗎？
You will find it stated a few pages further on.	你会发现它用几页纸进一步作了说明。
You will soon get used to speaking in public.	你很快就會習慣在公開場合講話了。
Do you believe in God?	你相信上帝吗？	你信仰上帝么？
If you study earnestly, you can expect to pass the exam.	如果你认真学习，就有希望通过考试。
It's time for you to buy a new car.	你該買一輛新車了。
You must clear the table.	你必须把桌子清理干净。
I think you'd better go on a diet.	我想你應該節食了。
You had better be careful not to overeat.	你最好小心不要吃過量。
You're going too far.	你太过分了。
You work hard.	你工作努力。
You have a way with women.	你对女人有一套。
You are welcome to do anything you like.	您可以做任何您想做的事。
You should have known better than to take an examination without preparing for it.	你應該知道要為考試作準備。
Did you do your homework by yourself?	你自己做回家作業的嗎?
Are you writing a letter?	你在写信吗？	你在寫信嗎?
You should get your car fixed.	你應該把你的車修好。
Can you drive a car?	你會駕車嗎？	您会开车吗？
You can drive a car, can't you?	你會開車，不是嗎?
You should apologize.	你應該道歉。
Did you actually see the accident?	你真的看到了這起事故嗎？
You should acknowledge your failure.	你应该承认自己的失败。
You should try to form the habit of using your dictionaries.	你们该养成使用字典的习惯。
You are free to go home.	你隨時可以回家。
You should learn to restrain yourself.	你應該學習控制自己的情緒。
You should be ashamed of your ignorance.	你應該為你的無知感到羞恥。
You must share your jobs with others.	你必須分些零工給其他人做。
You must account for your conduct.	你必须为自己的行为负责。
You should be responsible for your actions.	你要為自己做過的事情負責。
You must do it yourself.	你应该自己做。
Are you sure of your facts?	你確定你的資料屬實嗎？
You should have introduced yourself.	你本來應該介紹自己的。
You must control yourself.	你必須控制自己。
You ought to get to work on time.	你應該準時上班。
You should look after the children from time to time.	你應該偶爾照顧孩子。
You ought to see a dentist.	你應該去看牙醫。
You do me wrong.	你对不起我。
You may use my new car.	你可以使用我的新車。
I wish you had told me the truth.	我希望你告訴我真相了。
You lied to me, didn't you?	你對我說了謊, 沒有嗎?
You ought to have come to our party.	你應該到我們的派對的。
You don't know how worried I am.	你不知道我有多担心啊。
You finally succeeded in getting a job.	你終於成功找到工作了。
You were late for work.	你上班迟到了。
Your hair wants cutting.	你该去理发店了。
You had better take an umbrella with you.	你最好隨身帶把傘。
You ought to have come to see me yesterday.	你昨天應該來看我的。
Did you go out last night?	你昨天晚上出去了嗎？
You didn't come to school yesterday, did you?	你昨天沒來學校, 是嗎?
You did not come to school yesterday.	你昨天没来学校。
Did you hear about the fire yesterday?	你聽說了昨天的火災嗎?
Why were you absent yesterday?	你昨天為甚麼缺席？
You must do your best.	你必须做到最好。
You can get in touch with him at his home tonight.	今晚你可以在他家联络到他。
You look happy today.	你今天看起來很高興。	你今天看上去很开心。
You have a little fever today, don't you?	你今天是不是有点发烧？	你今天有点发烧，是吧？
It would be better for you to stay in bed today.	你最好今天待在家休息。
You look pale today.	你今天看上去很苍白。
You'd better not go out today.	你今天最好不要出門。
You look very charming today.	今天你看起来很迷人啊。
You'd better start now.	你最好現在就開始。
Are you a senior high school student?	你是個高中生嗎?
You don't have to go to the party unless you want to.	除非你想去, 否則你不必去這個派對。
You have to go.	你們得走了。
You'd better not go.	你最好不要去。
Are you happy?	你快樂嗎？	你幸福吗？
You are free to do as you please with your money.	你可以隨你高興的用你的錢。	你自己的钱，想怎么用就怎么用。
You've got to learn to hold your tongue.	你應該學著閉上你的嘴。
You made a wise choice.	你做了一個明智的選擇。
You have to turn in the reports on Monday.	星期一你必須繳交報告。
You should do the honorable thing and resign.	你應該光榮地辭職。
How do you account for your absence?	你怎麼解釋你缺席的原因？
You must go through with your plan.	你必须按照你的计划行事。
You are the master of your own destiny.	你才是自己命运的主人。
You need to have friends who can help you out.	你需要可以幫助你的朋友。
What do you base your theory on?	你的理論是以什麼為基礎?
You do your part and I'll do the rest.	你做你的部份, 其他的我來做。
I suppose you're hungry.	我猜想您饿了。	我猜想你饿了。
Do you ever dream about flying through the sky?	你曾經夢想在天空飛翔嗎？
Have you ever been to Kyushu?	你去过九州吗？
You must come back before nine o'clock.	你必须在九点之前回来。
You can get a loan from a bank.	你可以从银行贷款。
You should make an effort to stop smoking.	你應該努力去戒煙。
You had better not smoke while on duty.	當你值勤時最好不要抽煙。
Do you know who Rie Miyazawa is?	你知道Rie Miyazawa是誰嗎?
You broke the rule.	你坏了规矩。
You're stepping into dangerous territory.	你進入了危險區。
You look pale.	你看起來很蒼白。
You look pale. You had better lie down in bed at once.	你的臉色這麼差，還是趕快去睡覺吧。	你看上去很苍白。你最好立刻去床上躺会儿。
You are as white as a sheet.	你象纸一样白.
I think that you're wrong.	我认为你错了。
Have you ever read any Chinese poems?	你讀過任何一首中國詩詞嗎?
You've done a perfect job.	你做了一项完美的工作。
You are nothing but a student.	你只不過是一個學生。
You may be late for school.	您上學可能會遲到。
What subjects are you taking at school?	你在學校裡讀哪些科目?
You seem to be prejudiced against ideas that come from foreign countries.	你似乎對來自國外的想法有偏見。
Would you like to go abroad?	你想出國嗎?
Do you plan to go abroad?	你打算出国吗？
You should have attended the meeting.	你應該參加這個會議的。
Will you stay at home?	你会待在家吗？
What grade are you in?	你幾年級？
You continue making the same mistakes time after time.	你每次都继续犯同样的错误。
You may go anywhere.	您可以随便去哪儿。	你可以随便去哪儿。
What time are you going on duty?	你幾點值班?
What time will you get to the station?	你几点会到车站？
You're too suspicious about everything.	你对什么都太怀疑了。
How many books do you have?	你有几本书?	你有多少本書？
What are you looking for?	你们在找什么？
What are you looking at?	你在看什麼？	你在看什麼啊？	你在看什么？
What do you intend to do?	你想做什麼?
What do you want to be?	您想成为什么？	你想成为什么？
What will you have?	你将拥有什么？
What woke you up?	什麼吵醒你了?
What did you come here so early for?	你這麼早來到幹甚麼？
You've worked hard for months and have certainly earned a holiday.	你已經辛苦地工作好幾個月了, 當然可以休假。
Please let me know what you want.	請讓我知道你要什麼。
I wonder if you have something to write with.	我懷疑你是否有東西可寫。
What do you like?	你喜欢什么？
What do you want now?	您现在想要什么？	你现在想要什么？
Do you belong to any clubs?	您隶属哪家俱乐部吗？
Do you love music?	你爱音乐吗？
You are not a coward.	您不是个懦夫。	你不是个懦夫。
You dropped your pencil.	你把你的铅笔弄掉了。
Do you have any pencils?	你有铅笔吗？
Do you study English?	您学英语吗？	你学英语吗？
All you have to do is try hard to master English.	所有您必須要做的事就是努力地學好英語。
Can you make yourself understood in English?	你说英语别人能懂吗？	別人聽得懂你說的英語嗎?
You can't speak English, can you?	你不会说英语，是吗？
You can swim, can't you?	你會游泳, 不是嗎？
Can you swim?	你會游泳嗎?
I think you'll have very little difficulty in getting a driver's license.	我想你要拿到驾照根本不难。
You're still too young to get a driver's license.	你還太年輕無法取得駕駛執照。
What are you driving at?	你在暗示什么？	您在暗示什么？	你们在暗示什么？
Did you read it at all?	你其實有沒有看過？
You'll never be alone.	你们永远不会一个人的。	你永远不会一个人的。
You should follow the doctor's advice.	你應該遵照醫生的忠告。
You'd better consult the doctor.	您最好请教一下医生。	你最好请教一下医生。
I'm surprised that you're so naïve.	我很惊讶你们竟然那么天真。	我很惊讶你竟然那么天真。	我很惊讶您竟然那么天真。
You should return home before it gets dark.	你應該在天黑之前回家。
You are in a safe place.	您在一个安全的地方。
You must rid yourself of bad habits.	你该摆脱你的坏习惯。
You've set a bad example.	你做了个坏榜样。
How many days will you remain in London?	你要在倫敦待幾天？
You must make up for the loss.	您必须弥补损失。
You had better put on a raincoat.	您最好穿一件雨衣。
You don't like love stories.	你不喜欢爱情故事。
You are too ready to speak ill of others.	你太喜欢说他人坏话了。
How dare you speak like that?	您怎么敢这样说话？
You're really a hard worker.	你真是个努力的工人。
You have a good sense of humor.	你很有幽默感。
Have you ever seen a UFO?	你看過飛碟嗎？
You are no longer a mere child.	你不再只是一个孩子了。
You should have known better.	你本應該更明白的。
You should study harder.	你應該更努力學習。
You should be more careful.	你應該要更小心。
You should have completed it long ago.	你们很久前就应该完成了。
You should have worked harder.	你應該要更努力的。
I think it necessary for you to study harder.	我认为你需要更努力学习。
You should have been more careful.	你應該要更小心的。
You should have come earlier.	你本应该来得更早的。
Do you like Mozart's music?	你喜歡莫扎特的音樂嗎？
Have you taken your medicine yet?	您已经吃过药了吗？
You are now an adult.	你现在是大人了。
You must go to bed now.	你現在必須上床睡覺。
You had better go to bed now.	你最好現在去睡覺。
You must get up a little earlier.	你该早一点起床。
You nearly poked me in the eye with your pencil.	你的鉛筆差點戳到我的眼睛了。
You had better stay here a little longer.	你最好在這裡待久一點。
Have you finished doing your homework yet?	你做完回家作業了嗎?
Have you done all your homework?	你做了所有的功課嗎？
You may go home now.	你現在可以回家了。
Have you turned in your report?	你交報告了嗎？
Have you finished reading that book yet?	你讀完那本書了嗎?
Have you finished the work yet?	你们已经把工作结束了吗？
You are now old enough to support yourself.	你已經到了可以自給自足的年紀了。
You haven't changed at all.	你一点都没变。	你真的一点没变。
You have made the very same mistake again.	你又犯了相同的錯誤。
You haven't washed your hands yet, have you?	你还没洗手，不是吗？
You're not old enough to get a driver's license.	你还没到可以拿驾驶执照的年龄。
Can you speak French?	你会说法语吗？	你會講法語嗎？
You can't speak French, can you?	您不会说法语，是吗？
You'd better go by bus.	你最好坐公共汽車去。
You should practice playing the violin every day.	你應該每天練習拉小提琴。
You say Nessie is an imaginary being, but I think she exists.	你说尼斯湖水怪是虚构的，但我觉得它真实存在。
You'll have to manufacture some kind of excuse.	你不得不制造一些借口。
I tried to reach you on the phone, but I was unable to get through.	我打了電話給你，但卻接不通。
How tall you are!	你真高啊！
How rude of you!	你真粗魯！
Do you want anything?	你想要什麼嗎？
Why can't you come?	你為什麼不能來?
Why did you try to run away?	为什么你企图逃走？
Why did you not go to the office?	您为什么没去办公室？
Why do you accuse my son?	你为什么指责我儿子？
What prevented you from coming earlier?	什麼阻止你早點來了?	為什麼你不能早點來?
Why do you want to study abroad?	为什么你想到外国读书？	为什么您想到外国读书？
What do you need the money for?	你要这钱干嘛？
Why did you use up all the money?	为什么你花了所有钱？
You must consider what kind of work you want to do.	你一定要考慮清楚你想做怎麼樣的工作。
How long have you been in Japan?	你去了日本多久?	您在日本待多久了呢？
How long will you stay here?	你會在這裏逗留多久？	你会在这儿待多久？
You can always count on Tom.	你可以永遠信賴湯姆。
Which club do you belong to?	你屬於哪個社團?
How high can you jump?	您能跳多高？	你能跳多高？
How tall are you?	你多高？	你有多高？	你多高?
You are very brave.	您非常勇敢。	你非常勇敢。
You look very tired.	你看上去非常累。
That's very sweet of you.	您真是太好了。
Which bed do you want to use?	你想睡哪張床?
You may go anywhere you like.	你喜欢去哪儿就可以去哪儿。
Where do you attend high school?	你在哪裡唸高中?
Where were you?	之前你在哪里？
How about you?	你呢？	你怎麼樣？	那你呢?	你們呢？	您呢？
What are you doing?	你在干什麼啊？	你现在在做什么？	你在干什么？	你做什麼？	你在幹什麼？	你在做什么？	你在干嘛？	在做什么？	在干什么？	你在做什麼？	搞什么啊？
How did you come to know her?	你是怎麼認識她的？
Why did you say such a thing?	你為什麼說了這樣的事?
What have you come here for?	你为什么来这儿？	你们来这儿干嘛？	您来这儿干嘛？
What has brought you here?	是什么风把你吹来了啊？
You'd better go home as soon as possible.	你最好盡快回家。
You don't like chocolate, do you?	你不喜歡巧克力對吧？
You have just done your homework.	你只是做了你的功课。
You smoke far too much. You should cut back.	你吸太多煙了。你應該少抽一點。
You've been had.	你受骗了。	你们被骗了。	您被骗了。
You should give up smoking.	你應該戒菸。
You should give up smoking and drinking.	你该戒烟戒酒了。
All you have to do is to wait.	所有您要做的，就是等待。
You have many books.	您有很多书。	你有许多书。	你们有很多书。
You are very fortunate that you have such friends.	你们很幸运有这样的朋友们。
You may think those shoes are in fashion, but they aren't.	你可能認為那些鞋子很時髦, 但是他們不是。
You don't need to worry about such a thing.	你不必擔心這樣的事情。
You are old enough to know better than to act like that.	你夠大了知道不要那樣做。
You can bank on that.	你可以相信那個。	你可以寄希望于此。
Who did you give it to?	你把它給誰了?
You could have done it.	你本來可以做的。
Have you finished it?	你做完了嗎?
Do you have one?	你有嗎？
You will wish you had never seen it.	你會希望你從來沒有看過它。
Did you buy it on the black market?	你在黑市买它了吗？
You should have done it earlier. It cannot be helped now.	你應該早點做的。現在沒人可以幫你。	你本应该早点做的。现在已经没有任何办法了。
What did you open it with?	你用什么打开的？
You shouldn't have done it.	你不應該做的。
You will not be able to catch the train.	你將無法趕上火車。
Do you know the reason?	你知道是什麼原因嗎？
Could you solve the problem?	你能解決這個問題嗎？
You should have introduced yourself to the girl.	你應該向那個女孩自我介紹的。
You must return the book to him.	这本书你该还给他。
You ought to know better at your age.	在你這個年紀你應該要更懂事。
You should emphasize that fact.	你應該重視那個事實。
Did you watch the game?	你看了比賽嗎？
Did you cut the paper?	你裁切紙張了嗎？
You have to overcome the difficulties.	你必须克服困难。	你们要排除万难。
You owe me an apology for that.	关于那件事你欠我一个道歉。
You are responsible for the result.	你要对结果负责。
Are you for or against the plan?	你赞成还是反对这个计划？
Are you planning to take part in the meeting?	你们准备参加会议吗？
Do you deny that you went there?	你否認你去了那裡嗎?
You should have done so.	你本應該這樣做的。
You're wet through.	你浸湿了。
You should have told me a long time ago.	很久以前你就應該告訴我的。
You've got a lot of guts.	你膽子很大。
You'd better have your hair cut at once.	你最好立刻剪頭髮。
You will soon get accustomed to living here.	你很快就會習慣住在這裡。
You will soon be convinced I am right.	你很快就會相信我是對的了。
You will soon get accustomed to your new school.	你很快就会适应你的新学校。
You'd better go to see your family doctor at once.	你最好立刻去看你的家庭醫生。
What are you staring at?	你在看什麼？
You may have mistaken Jane for his sister.	你可能誤認珍為他的妹妹。
You must put an end to this foolish behavior.	你该结束这种愚蠢的行为了。
Did you do this on your own?	這是你自己做的嗎?
You have to put up with all these noises.	你必须把无视这些声音。
Have you read this book already?	你讀過這本書了嗎？
Have you read this book yet?	你讀過這本書嗎？
You are not to leave this room.	你不應該離開這個房間。	你不可以離開這個房間。
You have to put up with all this noise.	你必须忍受这一切的噪音了。
Where did you go last Sunday?	上周日你去哪儿了？
You must get this homework finished by the day after tomorrow.	你必須在後天以前完成回家作業。
You can use this car.	你可以使用這輛車。
You are suitable for the job.	你很適合這份工作。
Can you read this kanji?	你會讀這個漢字嗎？
You'll soon get accustomed to this cold weather.	你很快就會習慣這種冷天氣。
How did you come by this money?	用這些錢你怎麼來的?
All you have to do is sign your name here.	你在這裏簽個名就行了。
You'd better not wait here.	你最好不要在這裡等。
Are you going to sing here?	你们要在这里唱歌吗？
You had better get away from here at once.	你最好立刻離開這裡。
You have to study hard to catch up with your class.	你必須用功讀書趕上同學。
You must be mentally exhausted.	你肯定脑子糊掉了。
Not only you but also I was involved.	不止你， 连我也被牵连了。
Where are you from in Canada?	你來自加拿大的哪裡?
You should ask your father for his advice and follow it.	你應該問你父親的忠告並遵守它。
You should apologize to Dad for not coming home in time for supper.	你應該為你沒有及時回家吃晚餐向你父親道歉。
You don't get up as early as your sister.	你没有你姐姐起得那么早。
You look just like your big brother.	你和你哥哥长得一模一样。
Aren't you happy?	你不快樂嗎?
You have done very well.	你做得很好。
You're starting to warm up now.	现在你开始热起来了。
When did you come to Japan?	你何時來日本的?
When will you be free?	你什麼時候有空?
When did you begin studying English?	您什么时候开始学英语的？	你们什么时候开始学英语的？	你什么时候开始学英语的？
You are always as busy as a bee.	你總是跟蜜蜂一樣地忙碌。
You're always criticizing me!	你总是批评我！
You are always complaining.	你總是在抱怨。
What time do you usually get up?	你通常幾點起床？	你通常什麼時候起床？
What time do you usually go to bed?	你通常甚麼時候上床睡覺？
You are always watching TV.	你總是在看電視。
What on earth are you talking about?	你到底在談什麼?
How long have you been alienated from your family?	你离开家有多久了?
You have some books.	您有一些书。	你有一些书。
You've given me good advice.	你給了我很好的建議。
You must be tired after such a long trip.	在這麼長程的旅途後你一定很累了。
You shouldn't talk back to your parents like that.	你不應該對你父母那樣頂嘴。
You shouldn't have eaten so much ice cream.	你不應該吃這麼多冰淇淋。
Have you ever been to America?	你去過美國嗎？
I wish you had told me the truth then.	但願你那時候就告訴我真相。
Are you on the committee?	你是委員會中的成員嗎？
Do you know how high the television tower is?	你知道那座電視塔有多高嗎？
You have to leave home at six.	你必須在六點鐘時從家中出發。
You must be at the station by 5 o'clock.	五點以前你必須在車站。
You look the way your father did thirty years ago.	你看上去就像是三十年前你父親的樣子。
You must keep quiet for a few days.	你该安静几天。
You'll be able to drive a car in a few days.	幾天之後你就可以開車了。
You should have refused his offer.	你應該拒絕他的提議的。
You need to have breakfast.	你需要吃早饭。
Did you leave the window open?	你讓窗戶開著嗎?
Are you doing what you think is right?	你在做你覺得對的事嗎?
